<i>
  <i image="stand_0.png" delay="120" x="-61" y="-116"/>
  <i image="stand_1.png" delay="120" x="-61" y="-116"/>
  <i image="stand_2.png" delay="120" x="-61" y="-116"/>
  <i image="stand_3.png" delay="120" x="-61" y="-116"/>
  <i image="stand_4.png" delay="120" x="-61" y="-116"/>
  <i image="stand_5.png" delay="120" x="-61" y="-116"/>
  <i image="attack1.info.hit_0.png" delay="90" x="-89" y="-47"/>
  <i image="attack1.info.hit_1.png" delay="90" x="-89" y="-47"/>
  <i image="attack1.info.hit_2.png" delay="90" x="-89" y="-47"/>
  <i image="attack1.info.hit_3.png" delay="90" x="-89" y="-47"/>
  <i image="attack1.info.hit_4.png" delay="90" x="-89" y="-47"/>
  <i image="attack1.info.hit_5.png" delay="90" x="-89" y="-47"/>
  <i image="attack1.info.ball_0.png" delay="100" x="-43" y="-10"/>
  <i image="attack1.info.ball_1.png" delay="100" x="-43" y="-10"/>
  <i image="attack1_0.png" delay="30" x="-82" y="-120"/>
  <i image="attack1_1.png" delay="30" x="-82" y="-120"/>
  <i image="attack1_2.png" delay="30" x="-82" y="-120"/>
  <i image="attack1_3.png" delay="30" x="-82" y="-120"/>
  <i image="attack1_4.png" delay="30" x="-82" y="-120"/>
  <i image="attack1_5.png" delay="30" x="-82" y="-120"/>
  <i image="attack1_6.png" delay="30" x="-82" y="-120"/>
  <i image="attack1_7.png" delay="30" x="-82" y="-120"/>
  <i image="attack1_8.png" delay="30" x="-82" y="-120"/>
  <i image="attack1_9.png" delay="30" x="-82" y="-120"/>
  <i image="attack1_10.png" delay="30" x="-82" y="-120"/>
  <i image="attack1_11.png" delay="30" x="-82" y="-120"/>
  <i image="attack1_12.png" delay="30" x="-82" y="-120"/>
  <i image="attack1_13.png" delay="30" x="-82" y="-120"/>
  <i image="attack1_14.png" delay="30" x="-82" y="-120"/>
  <i image="attack1_15.png" delay="30" x="-82" y="-120"/>
  <i image="attack1_16.png" delay="30" x="-82" y="-120"/>
  <i image="hit1_0.png" delay="120" x="-61" y="-130"/>
  <i image="hit1_1.png" delay="120" x="-61" y="-130"/>
  <i image="die1_0.png" delay="120" x="-60" y="-162"/>
  <i image="die1_1.png" delay="120" x="-60" y="-162"/>
  <i image="die1_2.png" delay="120" x="-60" y="-162"/>
  <i image="die1_3.png" delay="120" x="-60" y="-162"/>
  <i image="die1_4.png" delay="120" x="-60" y="-162"/>
  <i image="die1_5.png" delay="120" x="-60" y="-162"/>
  <i image="die1_6.png" delay="120" x="-60" y="-162"/>
  <i image="die1_7.png" delay="120" x="-60" y="-162"/>
  <i image="die1_8.png" delay="120" x="-60" y="-162"/>
  <i image="die1_9.png" delay="120" x="-60" y="-162"/>
  <i image="die1_10.png" delay="120" x="-60" y="-162"/>
</i>