<i>
  <i image="move_0.png" delay="100" x="-63" y="-83"/>
  <i image="move_1.png" delay="100" x="-63" y="-83"/>
  <i image="move_2.png" delay="100" x="-63" y="-83"/>
  <i image="move_3.png" delay="100" x="-63" y="-83"/>
  <i image="move_4.png" delay="100" x="-63" y="-83"/>
  <i image="move_5.png" delay="100" x="-63" y="-83"/>
  <i image="stand_0.png" delay="100" x="-62" y="-84"/>
  <i image="stand_1.png" delay="100" x="-62" y="-84"/>
  <i image="stand_2.png" delay="100" x="-62" y="-84"/>
  <i image="stand_3.png" delay="100" x="-62" y="-84"/>
  <i image="stand_4.png" delay="100" x="-62" y="-84"/>
  <i image="stand_5.png" delay="100" x="-62" y="-84"/>
  <i image="attack1.info.hit_0.png" delay="90" x="-75" y="-89"/>
  <i image="attack1.info.hit_1.png" delay="90" x="-75" y="-89"/>
  <i image="attack1.info.hit_2.png" delay="90" x="-75" y="-89"/>
  <i image="attack1.info.hit_3.png" delay="90" x="-75" y="-89"/>
  <i image="attack1_0.png" delay="120" x="-208" y="-160"/>
  <i image="attack1_1.png" delay="120" x="-208" y="-160"/>
  <i image="attack1_2.png" delay="120" x="-208" y="-160"/>
  <i image="attack1_3.png" delay="120" x="-208" y="-160"/>
  <i image="attack1_4.png" delay="120" x="-208" y="-160"/>
  <i image="attack1_5.png" delay="120" x="-208" y="-160"/>
  <i image="attack1_6.png" delay="120" x="-208" y="-160"/>
  <i image="attack1_7.png" delay="120" x="-208" y="-160"/>
  <i image="attack1_8.png" delay="120" x="-208" y="-160"/>
  <i image="attack1_9.png" delay="120" x="-208" y="-160"/>
  <i image="attack1_10.png" delay="120" x="-208" y="-160"/>
  <i image="attack1_11.png" delay="120" x="-208" y="-160"/>
  <i image="hit1_0.png" delay="600" x="-64" y="-104"/>
  <i image="die1_0.png" delay="120" x="-62" y="-104"/>
  <i image="die1_1.png" delay="120" x="-62" y="-104"/>
  <i image="die1_2.png" delay="120" x="-62" y="-104"/>
  <i image="die1_3.png" delay="120" x="-62" y="-104"/>
  <i image="die1_4.png" delay="120" x="-62" y="-104"/>
  <i image="die1_5.png" delay="120" x="-62" y="-104"/>
  <i image="die1_6.png" delay="120" x="-62" y="-104"/>
  <i image="die1_7.png" delay="120" x="-62" y="-104"/>
  <i image="die1_8.png" delay="120" x="-62" y="-104"/>
  <i image="die1_9.png" delay="120" x="-62" y="-104"/>
  <i image="die1_10.png" delay="120" x="-62" y="-104"/>
</i>