<i>
  <i image="stand_0.png" delay="120" x="-150" y="-231"/>
  <i image="stand_1.png" delay="120" x="-150" y="-231"/>
  <i image="stand_2.png" delay="120" x="-150" y="-231"/>
  <i image="stand_3.png" delay="120" x="-150" y="-231"/>
  <i image="stand_4.png" delay="120" x="-150" y="-231"/>
  <i image="stand_5.png" delay="120" x="-150" y="-231"/>
  <i image="move_0.png" delay="120" x="-150" y="-232"/>
  <i image="move_1.png" delay="120" x="-150" y="-232"/>
  <i image="move_2.png" delay="120" x="-150" y="-232"/>
  <i image="move_3.png" delay="120" x="-150" y="-232"/>
  <i image="move_4.png" delay="120" x="-150" y="-232"/>
  <i image="move_5.png" delay="120" x="-150" y="-232"/>
  <i image="attack1.info.hit_0.png" delay="90" x="-77" y="-85"/>
  <i image="attack1.info.hit_1.png" delay="90" x="-77" y="-85"/>
  <i image="attack1.info.hit_2.png" delay="90" x="-77" y="-85"/>
  <i image="attack1.info.hit_3.png" delay="90" x="-77" y="-85"/>
  <i image="attack1.info.hit_4.png" delay="90" x="-77" y="-85"/>
  <i image="attack1.info.hit_5.png" delay="90" x="-77" y="-85"/>
  <i image="attack1_0.png" delay="120" x="-543" y="-295"/>
  <i image="attack1_1.png" delay="120" x="-543" y="-295"/>
  <i image="attack1_2.png" delay="120" x="-543" y="-295"/>
  <i image="attack1_3.png" delay="120" x="-543" y="-295"/>
  <i image="attack1_4.png" delay="120" x="-543" y="-295"/>
  <i image="attack1_5.png" delay="120" x="-543" y="-295"/>
  <i image="attack1_6.png" delay="120" x="-543" y="-295"/>
  <i image="attack1_7.png" delay="120" x="-543" y="-295"/>
  <i image="attack1_8.png" delay="120" x="-543" y="-295"/>
  <i image="attack1_9.png" delay="120" x="-543" y="-295"/>
  <i image="attack1_10.png" delay="120" x="-543" y="-295"/>
  <i image="attack1_11.png" delay="120" x="-543" y="-295"/>
  <i image="attack1_12.png" delay="120" x="-543" y="-295"/>
  <i image="attack1_13.png" delay="120" x="-543" y="-295"/>
  <i image="attack1_14.png" delay="120" x="-543" y="-295"/>
  <i image="attack1_15.png" delay="120" x="-543" y="-295"/>
  <i image="attack2.info.hit_0.png" delay="90" x="-117" y="-91"/>
  <i image="attack2.info.hit_1.png" delay="90" x="-117" y="-91"/>
  <i image="attack2.info.hit_2.png" delay="90" x="-117" y="-91"/>
  <i image="attack2.info.hit_3.png" delay="90" x="-117" y="-91"/>
  <i image="attack2.info.hit_4.png" delay="90" x="-117" y="-91"/>
  <i image="attack2_0.png" delay="120" x="-378" y="-295"/>
  <i image="attack2_1.png" delay="120" x="-378" y="-295"/>
  <i image="attack2_2.png" delay="120" x="-378" y="-295"/>
  <i image="attack2_3.png" delay="120" x="-378" y="-295"/>
  <i image="attack2_4.png" delay="120" x="-378" y="-295"/>
  <i image="attack2_5.png" delay="120" x="-378" y="-295"/>
  <i image="attack2_6.png" delay="120" x="-378" y="-295"/>
  <i image="attack2_7.png" delay="120" x="-378" y="-295"/>
  <i image="attack2_8.png" delay="120" x="-378" y="-295"/>
  <i image="attack2_9.png" delay="120" x="-378" y="-295"/>
  <i image="attack2_10.png" delay="120" x="-378" y="-295"/>
  <i image="attack2_11.png" delay="120" x="-378" y="-295"/>
  <i image="attack2_12.png" delay="120" x="-378" y="-295"/>
  <i image="attack2_13.png" delay="120" x="-378" y="-295"/>
  <i image="attack2_14.png" delay="120" x="-378" y="-295"/>
  <i image="skill1_0.png" delay="120" x="-198" y="-262"/>
  <i image="skill1_1.png" delay="120" x="-198" y="-262"/>
  <i image="skill1_2.png" delay="120" x="-198" y="-262"/>
  <i image="skill1_3.png" delay="120" x="-198" y="-262"/>
  <i image="skill1_4.png" delay="120" x="-198" y="-262"/>
  <i image="skill1_5.png" delay="120" x="-198" y="-262"/>
  <i image="skill1_6.png" delay="120" x="-198" y="-262"/>
  <i image="skill1_7.png" delay="120" x="-198" y="-262"/>
  <i image="skill1_8.png" delay="120" x="-198" y="-262"/>
  <i image="skill1_9.png" delay="120" x="-198" y="-262"/>
  <i image="skill1_10.png" delay="120" x="-198" y="-262"/>
  <i image="skill1_11.png" delay="120" x="-198" y="-262"/>
  <i image="skill1_12.png" delay="120" x="-198" y="-262"/>
  <i image="skill1_13.png" delay="120" x="-198" y="-262"/>
  <i image="skill1_14.png" delay="120" x="-198" y="-262"/>
  <i image="skill1_15.png" delay="120" x="-198" y="-262"/>
  <i image="skill1_16.png" delay="120" x="-198" y="-262"/>
  <i image="skill1_17.png" delay="120" x="-198" y="-262"/>
  <i image="skill2_0.png" delay="120" x="-256" y="-285"/>
  <i image="skill2_1.png" delay="120" x="-256" y="-285"/>
  <i image="skill2_2.png" delay="120" x="-256" y="-285"/>
  <i image="skill2_3.png" delay="120" x="-256" y="-285"/>
  <i image="skill2_4.png" delay="120" x="-256" y="-285"/>
  <i image="skill2_5.png" delay="120" x="-256" y="-285"/>
  <i image="skill2_6.png" delay="120" x="-256" y="-285"/>
  <i image="skill2_7.png" delay="120" x="-256" y="-285"/>
  <i image="skill2_8.png" delay="120" x="-256" y="-285"/>
  <i image="skill2_9.png" delay="120" x="-256" y="-285"/>
  <i image="skill2_10.png" delay="120" x="-256" y="-285"/>
  <i image="skill2_11.png" delay="120" x="-256" y="-285"/>
  <i image="skill2_12.png" delay="120" x="-256" y="-285"/>
  <i image="skill2_13.png" delay="120" x="-256" y="-285"/>
  <i image="skill2_14.png" delay="120" x="-256" y="-285"/>
  <i image="skill2_15.png" delay="120" x="-256" y="-285"/>
  <i image="skill2_16.png" delay="120" x="-256" y="-285"/>
  <i image="skill2_17.png" delay="120" x="-256" y="-285"/>
  <i image="hit1_0.png" delay="600" x="-106" y="-229"/>
  <i image="die1_0.png" delay="120" x="-165" y="-285"/>
  <i image="die1_1.png" delay="120" x="-165" y="-285"/>
  <i image="die1_2.png" delay="120" x="-165" y="-285"/>
  <i image="die1_3.png" delay="120" x="-165" y="-285"/>
  <i image="die1_4.png" delay="120" x="-165" y="-285"/>
  <i image="die1_5.png" delay="120" x="-165" y="-285"/>
  <i image="die1_6.png" delay="120" x="-165" y="-285"/>
  <i image="die1_7.png" delay="120" x="-165" y="-285"/>
  <i image="die1_8.png" delay="120" x="-165" y="-285"/>
  <i image="die1_9.png" delay="120" x="-165" y="-285"/>
  <i image="die1_10.png" delay="120" x="-165" y="-285"/>
  <i image="die1_11.png" delay="120" x="-165" y="-285"/>
  <i image="die1_12.png" delay="120" x="-165" y="-285"/>
  <i image="die1_13.png" delay="120" x="-165" y="-285"/>
  <i image="die1_14.png" delay="120" x="-165" y="-285"/>
  <i image="die1_15.png" delay="120" x="-165" y="-285"/>
  <i image="die1_16.png" delay="120" x="-165" y="-285"/>
</i>