<i>
  <i image="move_0.png" delay="100" x="-65" y="-74"/>
  <i image="move_1.png" delay="100" x="-65" y="-74"/>
  <i image="move_2.png" delay="100" x="-65" y="-74"/>
  <i image="move_3.png" delay="100" x="-65" y="-74"/>
  <i image="move_4.png" delay="100" x="-65" y="-74"/>
  <i image="move_5.png" delay="100" x="-65" y="-74"/>
  <i image="stand_0.png" delay="100" x="-39" y="-73"/>
  <i image="stand_1.png" delay="100" x="-39" y="-73"/>
  <i image="stand_2.png" delay="100" x="-39" y="-73"/>
  <i image="stand_3.png" delay="100" x="-39" y="-73"/>
  <i image="stand_4.png" delay="100" x="-39" y="-73"/>
  <i image="stand_5.png" delay="100" x="-39" y="-73"/>
  <i image="hit1_0.png" delay="600" x="-39" y="-86"/>
  <i image="die1_0.png" delay="100" x="-39" y="-108"/>
  <i image="die1_1.png" delay="100" x="-39" y="-108"/>
  <i image="die1_2.png" delay="100" x="-39" y="-108"/>
  <i image="die1_3.png" delay="100" x="-39" y="-108"/>
  <i image="die1_4.png" delay="100" x="-39" y="-108"/>
  <i image="die1_5.png" delay="100" x="-39" y="-108"/>
  <i image="die1_6.png" delay="100" x="-39" y="-108"/>
  <i image="die1_7.png" delay="100" x="-39" y="-108"/>
  <i image="die1_8.png" delay="100" x="-39" y="-108"/>
  <i image="die1_9.png" delay="100" x="-39" y="-108"/>
  <i image="die1_10.png" delay="100" x="-39" y="-108"/>
  <i image="die1_11.png" delay="100" x="-39" y="-108"/>
</i>