<i>
  <i image="stand_0.png" delay="120" x="-169" y="-206"/>
  <i image="stand_1.png" delay="120" x="-169" y="-206"/>
  <i image="stand_2.png" delay="120" x="-169" y="-206"/>
  <i image="stand_3.png" delay="120" x="-169" y="-206"/>
  <i image="stand_4.png" delay="120" x="-169" y="-206"/>
  <i image="stand_5.png" delay="120" x="-169" y="-206"/>
  <i image="stand_6.png" delay="120" x="-169" y="-206"/>
  <i image="stand_7.png" delay="120" x="-169" y="-206"/>
  <i image="walk_0.png" delay="90" x="-174" y="-207"/>
  <i image="walk_1.png" delay="90" x="-174" y="-207"/>
  <i image="walk_2.png" delay="90" x="-174" y="-207"/>
  <i image="walk_3.png" delay="90" x="-174" y="-207"/>
  <i image="walk_4.png" delay="90" x="-174" y="-207"/>
  <i image="walk_5.png" delay="90" x="-174" y="-207"/>
  <i image="walk_6.png" delay="90" x="-174" y="-207"/>
  <i image="walk_7.png" delay="90" x="-174" y="-207"/>
  <i image="prone_0.png" delay="120" x="-154" y="-203"/>
  <i image="fly_0.png" delay="120" x="-169" y="-206"/>
  <i image="fly_1.png" delay="120" x="-169" y="-206"/>
  <i image="fly_2.png" delay="120" x="-169" y="-206"/>
  <i image="fly_3.png" delay="120" x="-169" y="-206"/>
  <i image="fly_4.png" delay="120" x="-169" y="-206"/>
  <i image="fly_5.png" delay="120" x="-169" y="-206"/>
  <i image="fly_6.png" delay="120" x="-169" y="-206"/>
  <i image="fly_7.png" delay="120" x="-169" y="-206"/>
  <i image="jump_0.png" delay="90" x="-169" y="-203"/>
</i>