<i>
  <i image="info.mobZone.1.effect_0.png" delay="100" x="-400" y="-726"/>
  <i image="info.mobZone.1.effect_1.png" delay="100" x="-400" y="-726"/>
  <i image="info.mobZone.1.effect_2.png" delay="100" x="-400" y="-726"/>
  <i image="info.mobZone.1.effect_3.png" delay="100" x="-400" y="-726"/>
  <i image="info.mobZone.1.effect_4.png" delay="100" x="-400" y="-726"/>
  <i image="info.mobZone.1.effect_5.png" delay="100" x="-400" y="-726"/>
  <i image="info.mobZone.1.effect_6.png" delay="100" x="-400" y="-726"/>
  <i image="info.mobZone.1.effect_7.png" delay="100" x="-400" y="-726"/>
  <i image="info.mobZone.2.effect_0.png" delay="100" x="-347" y="-726"/>
  <i image="info.mobZone.2.effect_1.png" delay="100" x="-347" y="-726"/>
  <i image="info.mobZone.2.effect_2.png" delay="100" x="-347" y="-726"/>
  <i image="info.mobZone.2.effect_3.png" delay="100" x="-347" y="-726"/>
  <i image="info.mobZone.2.effect_4.png" delay="100" x="-347" y="-726"/>
  <i image="info.mobZone.2.effect_5.png" delay="100" x="-347" y="-726"/>
  <i image="info.mobZone.2.effect_6.png" delay="100" x="-347" y="-726"/>
  <i image="info.mobZone.2.effect_7.png" delay="100" x="-347" y="-726"/>
  <i image="info.mobZone.3.effect_0.png" delay="100" x="-297" y="-726"/>
  <i image="info.mobZone.3.effect_1.png" delay="100" x="-297" y="-726"/>
  <i image="info.mobZone.3.effect_2.png" delay="100" x="-297" y="-726"/>
  <i image="info.mobZone.3.effect_3.png" delay="100" x="-297" y="-726"/>
  <i image="info.mobZone.3.effect_4.png" delay="100" x="-297" y="-726"/>
  <i image="info.mobZone.3.effect_5.png" delay="100" x="-297" y="-726"/>
  <i image="info.mobZone.3.effect_6.png" delay="100" x="-297" y="-726"/>
  <i image="info.mobZone.3.effect_7.png" delay="100" x="-297" y="-726"/>
  <i image="info.mobZone.4.effect_0.png" delay="100" x="-197" y="-726"/>
  <i image="info.mobZone.4.effect_1.png" delay="100" x="-197" y="-726"/>
  <i image="info.mobZone.4.effect_2.png" delay="100" x="-197" y="-726"/>
  <i image="info.mobZone.4.effect_3.png" delay="100" x="-197" y="-726"/>
  <i image="info.mobZone.4.effect_4.png" delay="100" x="-197" y="-726"/>
  <i image="info.mobZone.4.effect_5.png" delay="100" x="-197" y="-726"/>
  <i image="info.mobZone.4.effect_6.png" delay="100" x="-197" y="-726"/>
  <i image="info.mobZone.4.effect_7.png" delay="100" x="-197" y="-726"/>
  <i image="stand_0.png" delay="120" x="-169" y="-206"/>
  <i image="stand_1.png" delay="120" x="-169" y="-206"/>
  <i image="stand_2.png" delay="120" x="-169" y="-206"/>
  <i image="stand_3.png" delay="120" x="-169" y="-206"/>
  <i image="stand_4.png" delay="120" x="-169" y="-206"/>
  <i image="stand_5.png" delay="120" x="-169" y="-206"/>
  <i image="stand_6.png" delay="120" x="-169" y="-206"/>
  <i image="stand_7.png" delay="120" x="-169" y="-206"/>
  <i image="move_0.png" delay="90" x="-174" y="-207"/>
  <i image="move_1.png" delay="90" x="-174" y="-207"/>
  <i image="move_2.png" delay="90" x="-174" y="-207"/>
  <i image="move_3.png" delay="90" x="-174" y="-207"/>
  <i image="move_4.png" delay="90" x="-174" y="-207"/>
  <i image="move_5.png" delay="90" x="-174" y="-207"/>
  <i image="move_6.png" delay="90" x="-174" y="-207"/>
  <i image="move_7.png" delay="90" x="-174" y="-207"/>
  <i image="attack1.info.hit_0.png" delay="90" x="-185" y="-131"/>
  <i image="attack1.info.hit_1.png" delay="90" x="-185" y="-131"/>
  <i image="attack1.info.hit_2.png" delay="90" x="-185" y="-131"/>
  <i image="attack1.info.hit_3.png" delay="90" x="-185" y="-131"/>
  <i image="attack1.info.hit_4.png" delay="90" x="-185" y="-131"/>
  <i image="attack1.info.hit0_0.png" delay="90" x="-132" y="-132"/>
  <i image="attack1.info.hit0_1.png" delay="90" x="-132" y="-132"/>
  <i image="attack1.info.hit0_2.png" delay="90" x="-132" y="-132"/>
  <i image="attack1.info.hit0_3.png" delay="90" x="-132" y="-132"/>
  <i image="attack1.info.hit0_4.png" delay="90" x="-132" y="-132"/>
  <i image="attack1_0.png" delay="90" x="-266" y="-477"/>
  <i image="attack1_1.png" delay="90" x="-266" y="-477"/>
  <i image="attack1_2.png" delay="90" x="-266" y="-477"/>
  <i image="attack1_3.png" delay="90" x="-266" y="-477"/>
  <i image="attack1_4.png" delay="90" x="-266" y="-477"/>
  <i image="attack1_5.png" delay="90" x="-266" y="-477"/>
  <i image="attack1_6.png" delay="90" x="-266" y="-477"/>
  <i image="attack1_7.png" delay="90" x="-266" y="-477"/>
  <i image="attack1_8.png" delay="90" x="-266" y="-477"/>
  <i image="attack1_9.png" delay="90" x="-266" y="-477"/>
  <i image="attack1_10.png" delay="90" x="-266" y="-477"/>
  <i image="attack1_11.png" delay="90" x="-266" y="-477"/>
  <i image="attack1_12.png" delay="90" x="-266" y="-477"/>
  <i image="attack1_13.png" delay="90" x="-266" y="-477"/>
  <i image="attack1_14.png" delay="90" x="-266" y="-477"/>
  <i image="attack1_15.png" delay="90" x="-266" y="-477"/>
  <i image="attack1_16.png" delay="90" x="-266" y="-477"/>
  <i image="attack1_17.png" delay="90" x="-266" y="-477"/>
  <i image="attack1_18.png" delay="90" x="-266" y="-477"/>
  <i image="attack1_19.png" delay="90" x="-266" y="-477"/>
  <i image="attack1_20.png" delay="90" x="-266" y="-477"/>
  <i image="attack1_21.png" delay="90" x="-266" y="-477"/>
  <i image="attack2.info.areaWarning_0.png" delay="1230" x="-197" y="-348"/>
  <i image="attack2.info.areaWarning_1.png" delay="120" x="-197" y="-348"/>
  <i image="attack2.info.areaWarning_2.png" delay="120" x="-197" y="-348"/>
  <i image="attack2.info.areaWarning_3.png" delay="120" x="-197" y="-348"/>
  <i image="attack2.info.areaWarning_4.png" delay="120" x="-197" y="-348"/>
  <i image="attack2.info.areaWarning_5.png" delay="120" x="-197" y="-348"/>
  <i image="attack2.info.areaWarning_6.png" delay="120" x="-197" y="-348"/>
  <i image="attack2.info.areaWarning_7.png" delay="120" x="-197" y="-348"/>
  <i image="attack2.info.areaWarning_8.png" delay="120" x="-197" y="-348"/>
  <i image="attack2.info.areaWarning_9.png" delay="120" x="-197" y="-348"/>
  <i image="attack2.info.areaWarning_10.png" delay="120" x="-197" y="-348"/>
  <i image="attack2.info.areaWarning_11.png" delay="120" x="-197" y="-348"/>
  <i image="attack2.info.areaWarning_12.png" delay="120" x="-197" y="-348"/>
  <i image="attack2.info.areaWarning_13.png" delay="120" x="-197" y="-348"/>
  <i image="attack2.info.areaWarning_14.png" delay="120" x="-197" y="-348"/>
  <i image="attack2.info.areaWarning_15.png" delay="120" x="-197" y="-348"/>
  <i image="attack2.info.areaWarning_16.png" delay="120" x="-197" y="-348"/>
  <i image="attack2.info.areaWarning_17.png" delay="120" x="-197" y="-348"/>
  <i image="attack2.info.areaWarning_18.png" delay="120" x="-197" y="-348"/>
  <i image="attack2.info.areaWarning_19.png" delay="120" x="-197" y="-348"/>
  <i image="attack2.info.areaWarning_20.png" delay="120" x="-197" y="-348"/>
  <i image="attack2.info.areaWarning_21.png" delay="120" x="-197" y="-348"/>
  <i image="attack2.info.areaWarning_22.png" delay="120" x="-197" y="-348"/>
  <i image="attack2.info.areaWarning_23.png" delay="120" x="-197" y="-348"/>
  <i image="attack2.info.areaWarning_24.png" delay="120" x="-197" y="-348"/>
  <i image="attack2.info.areaWarning_25.png" delay="120" x="-197" y="-348"/>
  <i image="attack2.info.areaWarning_26.png" delay="120" x="-197" y="-348"/>
  <i image="attack2.info.areaWarning_27.png" delay="120" x="-197" y="-348"/>
  <i image="attack2.info.areaWarning_28.png" delay="120" x="-197" y="-348"/>
  <i image="attack2.info.areaWarning_29.png" delay="120" x="-197" y="-348"/>
  <i image="attack2.info.areaWarning_30.png" delay="120" x="-197" y="-348"/>
  <i image="attack2.info.areaWarning_31.png" delay="120" x="-197" y="-348"/>
  <i image="attack2.info.areaWarning_32.png" delay="120" x="-197" y="-348"/>
  <i image="attack2.info.hit_0.png" delay="60" x="-127" y="-92"/>
  <i image="attack2.info.hit_1.png" delay="60" x="-127" y="-92"/>
  <i image="attack2.info.hit_2.png" delay="60" x="-127" y="-92"/>
  <i image="attack2.info.hit_3.png" delay="60" x="-127" y="-92"/>
  <i image="attack2.info.hit_4.png" delay="60" x="-127" y="-92"/>
  <i image="attack2_0.png" delay="120" x="-169" y="-416"/>
  <i image="attack2_1.png" delay="120" x="-169" y="-416"/>
  <i image="attack2_2.png" delay="120" x="-169" y="-416"/>
  <i image="attack2_3.png" delay="120" x="-169" y="-416"/>
  <i image="attack2_4.png" delay="120" x="-169" y="-416"/>
  <i image="attack2_5.png" delay="120" x="-169" y="-416"/>
  <i image="attack2_6.png" delay="120" x="-169" y="-416"/>
  <i image="attack2_7.png" delay="120" x="-169" y="-416"/>
  <i image="attack2_8.png" delay="120" x="-169" y="-416"/>
  <i image="attack2_9.png" delay="120" x="-169" y="-416"/>
  <i image="attack2_10.png" delay="120" x="-169" y="-416"/>
  <i image="attack2_11.png" delay="120" x="-169" y="-416"/>
  <i image="attack2_12.png" delay="120" x="-169" y="-416"/>
  <i image="attack2_13.png" delay="120" x="-169" y="-416"/>
  <i image="attack2_14.png" delay="120" x="-169" y="-416"/>
  <i image="attack2_15.png" delay="120" x="-169" y="-416"/>
  <i image="attack2_16.png" delay="120" x="-169" y="-416"/>
  <i image="attack3.info.hit_0.png" delay="60" x="-126" y="-129"/>
  <i image="attack3.info.hit_1.png" delay="60" x="-126" y="-129"/>
  <i image="attack3.info.hit_2.png" delay="60" x="-126" y="-129"/>
  <i image="attack3.info.hit_3.png" delay="60" x="-126" y="-129"/>
  <i image="attack3.info.hit_4.png" delay="60" x="-126" y="-129"/>
  <i image="attack3.info.hit_5.png" delay="60" x="-126" y="-129"/>
  <i image="attack3.info.hit_6.png" delay="60" x="-126" y="-129"/>
  <i image="attack3_0.png" delay="60" x="-223" y="-292"/>
  <i image="attack3_1.png" delay="60" x="-223" y="-292"/>
  <i image="attack3_2.png" delay="60" x="-223" y="-292"/>
  <i image="attack3_3.png" delay="60" x="-223" y="-292"/>
  <i image="attack3_4.png" delay="60" x="-223" y="-292"/>
  <i image="attack3_5.png" delay="60" x="-223" y="-292"/>
  <i image="attack3_6.png" delay="60" x="-223" y="-292"/>
  <i image="attack3_7.png" delay="60" x="-223" y="-292"/>
  <i image="attack3_8.png" delay="60" x="-223" y="-292"/>
  <i image="attack3_9.png" delay="60" x="-223" y="-292"/>
  <i image="attack3_10.png" delay="60" x="-223" y="-292"/>
  <i image="attack3_11.png" delay="60" x="-223" y="-292"/>
  <i image="attack3_12.png" delay="60" x="-223" y="-292"/>
  <i image="attack3_13.png" delay="60" x="-223" y="-292"/>
  <i image="attack3_14.png" delay="60" x="-223" y="-292"/>
  <i image="attack3_15.png" delay="90" x="-223" y="-292"/>
  <i image="attack3_16.png" delay="90" x="-223" y="-292"/>
  <i image="attack3_17.png" delay="90" x="-223" y="-292"/>
  <i image="attack3_18.png" delay="90" x="-223" y="-292"/>
  <i image="attack3_19.png" delay="90" x="-223" y="-292"/>
  <i image="attack3_20.png" delay="90" x="-223" y="-292"/>
  <i image="attack3_21.png" delay="90" x="-223" y="-292"/>
  <i image="attack3_22.png" delay="90" x="-223" y="-292"/>
  <i image="attack3_23.png" delay="90" x="-223" y="-292"/>
  <i image="attack3_24.png" delay="90" x="-223" y="-292"/>
  <i image="attack3_25.png" delay="120" x="-223" y="-292"/>
  <i image="attack3_26.png" delay="120" x="-223" y="-292"/>
  <i image="attack3_27.png" delay="120" x="-223" y="-292"/>
  <i image="attack3_28.png" delay="120" x="-223" y="-292"/>
  <i image="attack3_29.png" delay="120" x="-223" y="-292"/>
  <i image="attack3_30.png" delay="120" x="-223" y="-292"/>
  <i image="attack3_31.png" delay="120" x="-223" y="-292"/>
  <i image="attack3_32.png" delay="120" x="-223" y="-292"/>
  <i image="attack4.info.range_0.png" delay="90" x="-542" y="-419"/>
  <i image="attack4.info.hit_0.png" delay="100" x="-124" y="-113"/>
  <i image="attack4.info.hit_1.png" delay="100" x="-124" y="-113"/>
  <i image="attack4.info.hit_2.png" delay="100" x="-124" y="-113"/>
  <i image="attack4.info.hit_3.png" delay="100" x="-124" y="-113"/>
  <i image="attack4.info.hit_4.png" delay="100" x="-124" y="-113"/>
  <i image="attack4.info.hit_5.png" delay="100" x="-124" y="-113"/>
  <i image="attack4.info.hit_6.png" delay="100" x="-124" y="-113"/>
  <i image="attack4_0.png" delay="120" x="-546" y="-495"/>
  <i image="attack4_1.png" delay="120" x="-546" y="-495"/>
  <i image="attack4_2.png" delay="120" x="-546" y="-495"/>
  <i image="attack4_3.png" delay="120" x="-546" y="-495"/>
  <i image="attack4_4.png" delay="120" x="-546" y="-495"/>
  <i image="attack4_5.png" delay="120" x="-546" y="-495"/>
  <i image="attack4_6.png" delay="120" x="-546" y="-495"/>
  <i image="attack4_7.png" delay="120" x="-546" y="-495"/>
  <i image="attack4_8.png" delay="150" x="-546" y="-495"/>
  <i image="attack4_9.png" delay="150" x="-546" y="-495"/>
  <i image="attack4_10.png" delay="150" x="-546" y="-495"/>
  <i image="attack4_11.png" delay="150" x="-546" y="-495"/>
  <i image="attack4_12.png" delay="150" x="-546" y="-495"/>
  <i image="attack4_13.png" delay="150" x="-546" y="-495"/>
  <i image="attack4_14.png" delay="150" x="-546" y="-495"/>
  <i image="attack4_15.png" delay="150" x="-546" y="-495"/>
  <i image="attack4_16.png" delay="150" x="-546" y="-495"/>
  <i image="attack4_17.png" delay="150" x="-546" y="-495"/>
  <i image="attack4_18.png" delay="150" x="-546" y="-495"/>
  <i image="attack4_19.png" delay="150" x="-546" y="-495"/>
  <i image="attack4_20.png" delay="150" x="-546" y="-495"/>
  <i image="attack4_21.png" delay="150" x="-546" y="-495"/>
  <i image="attack4_22.png" delay="150" x="-546" y="-495"/>
  <i image="attack4_23.png" delay="150" x="-546" y="-495"/>
  <i image="attack4_24.png" delay="150" x="-546" y="-495"/>
  <i image="attack4_25.png" delay="150" x="-546" y="-495"/>
  <i image="attack4_26.png" delay="150" x="-546" y="-495"/>
  <i image="attack4_27.png" delay="150" x="-546" y="-495"/>
  <i image="attack4_28.png" delay="150" x="-546" y="-495"/>
  <i image="attack4_29.png" delay="150" x="-546" y="-495"/>
  <i image="attack4_30.png" delay="150" x="-546" y="-495"/>
  <i image="attack4_31.png" delay="150" x="-546" y="-495"/>
  <i image="attack4_32.png" delay="150" x="-546" y="-495"/>
  <i image="attack4_33.png" delay="90" x="-546" y="-495"/>
  <i image="attack4_34.png" delay="90" x="-546" y="-495"/>
  <i image="attack4_35.png" delay="90" x="-546" y="-495"/>
  <i image="attack4_36.png" delay="90" x="-546" y="-495"/>
  <i image="attack4_37.png" delay="90" x="-546" y="-495"/>
  <i image="attack4_38.png" delay="90" x="-546" y="-495"/>
  <i image="attack4_39.png" delay="90" x="-546" y="-495"/>
  <i image="attack4_40.png" delay="90" x="-546" y="-495"/>
  <i image="attack4_41.png" delay="90" x="-546" y="-495"/>
  <i image="attack4_42.png" delay="90" x="-546" y="-495"/>
  <i image="attack4_43.png" delay="90" x="-546" y="-495"/>
  <i image="attack4_44.png" delay="90" x="-546" y="-495"/>
  <i image="attack4_45.png" delay="90" x="-546" y="-495"/>
  <i image="attack4_46.png" delay="90" x="-546" y="-495"/>
  <i image="attack4_47.png" delay="90" x="-546" y="-495"/>
  <i image="attack4_48.png" delay="90" x="-546" y="-495"/>
  <i image="attack4_49.png" delay="90" x="-546" y="-495"/>
  <i image="attack4_50.png" delay="120" x="-546" y="-495"/>
  <i image="attack4_51.png" delay="120" x="-546" y="-495"/>
  <i image="attack4_52.png" delay="120" x="-546" y="-495"/>
  <i image="attack4_53.png" delay="120" x="-546" y="-495"/>
  <i image="attack4_54.png" delay="120" x="-546" y="-495"/>
  <i image="attack4_55.png" delay="120" x="-546" y="-495"/>
  <i image="attack4_56.png" delay="120" x="-546" y="-495"/>
  <i image="attack4_57.png" delay="120" x="-546" y="-495"/>
  <i image="attack5.info.hit_0.png" delay="100" x="-85" y="-83"/>
  <i image="attack5.info.hit_1.png" delay="100" x="-85" y="-83"/>
  <i image="attack5.info.hit_2.png" delay="100" x="-85" y="-83"/>
  <i image="attack5.info.hit_3.png" delay="100" x="-85" y="-83"/>
  <i image="attack5.info.hit_4.png" delay="100" x="-85" y="-83"/>
  <i image="attack5_0.png" delay="120" x="-225" y="-465"/>
  <i image="attack5_1.png" delay="120" x="-225" y="-465"/>
  <i image="attack5_2.png" delay="120" x="-225" y="-465"/>
  <i image="attack5_3.png" delay="120" x="-225" y="-465"/>
  <i image="attack5_4.png" delay="120" x="-225" y="-465"/>
  <i image="attack5_5.png" delay="120" x="-225" y="-465"/>
  <i image="attack5_6.png" delay="120" x="-225" y="-465"/>
  <i image="attack5_7.png" delay="120" x="-225" y="-465"/>
  <i image="attack5_8.png" delay="120" x="-225" y="-465"/>
  <i image="attack5_9.png" delay="120" x="-225" y="-465"/>
  <i image="attack5_10.png" delay="120" x="-225" y="-465"/>
  <i image="attack5_11.png" delay="120" x="-225" y="-465"/>
  <i image="attack5_12.png" delay="120" x="-225" y="-465"/>
  <i image="attack5_13.png" delay="120" x="-225" y="-465"/>
  <i image="attack5_14.png" delay="120" x="-225" y="-465"/>
  <i image="attack5_15.png" delay="120" x="-225" y="-465"/>
  <i image="attack5_16.png" delay="120" x="-225" y="-465"/>
  <i image="attack5_17.png" delay="120" x="-225" y="-465"/>
  <i image="attack5_18.png" delay="120" x="-225" y="-465"/>
  <i image="attack5_19.png" delay="120" x="-225" y="-465"/>
  <i image="attack5_20.png" delay="120" x="-225" y="-465"/>
  <i image="attack5_21.png" delay="120" x="-225" y="-465"/>
  <i image="attack5_22.png" delay="120" x="-225" y="-465"/>
  <i image="attack5_23.png" delay="120" x="-225" y="-465"/>
  <i image="attack5_24.png" delay="120" x="-225" y="-465"/>
  <i image="attack5_25.png" delay="120" x="-225" y="-465"/>
  <i image="attack5_26.png" delay="120" x="-225" y="-465"/>
  <i image="attack5_27.png" delay="120" x="-225" y="-465"/>
  <i image="attack5_28.png" delay="120" x="-225" y="-465"/>
  <i image="attack5_29.png" delay="120" x="-225" y="-465"/>
  <i image="attack5_30.png" delay="120" x="-225" y="-465"/>
  <i image="attack5_31.png" delay="120" x="-225" y="-465"/>
  <i image="attack5_32.png" delay="120" x="-225" y="-465"/>
  <i image="attack5_33.png" delay="90" x="-225" y="-465"/>
  <i image="attack5_34.png" delay="90" x="-225" y="-465"/>
  <i image="attack5_35.png" delay="90" x="-225" y="-465"/>
  <i image="attack5_36.png" delay="90" x="-225" y="-465"/>
  <i image="attack5_37.png" delay="90" x="-225" y="-465"/>
  <i image="attack5_38.png" delay="90" x="-225" y="-465"/>
  <i image="attack5_39.png" delay="90" x="-225" y="-465"/>
  <i image="attack5_40.png" delay="90" x="-225" y="-465"/>
  <i image="attack5_41.png" delay="90" x="-225" y="-465"/>
  <i image="attack5_42.png" delay="120" x="-225" y="-465"/>
  <i image="attack5_43.png" delay="120" x="-225" y="-465"/>
  <i image="attack5_44.png" delay="120" x="-225" y="-465"/>
  <i image="attack5_45.png" delay="120" x="-225" y="-465"/>
  <i image="attack5_46.png" delay="120" x="-225" y="-465"/>
  <i image="attack5_47.png" delay="120" x="-225" y="-465"/>
  <i image="attack5_48.png" delay="120" x="-225" y="-465"/>
  <i image="attack5_49.png" delay="120" x="-225" y="-465"/>
  <i image="skill1_0.png" delay="90" x="-240" y="-487"/>
  <i image="skill1_1.png" delay="90" x="-240" y="-487"/>
  <i image="skill1_2.png" delay="90" x="-240" y="-487"/>
  <i image="skill1_3.png" delay="90" x="-240" y="-487"/>
  <i image="skill1_4.png" delay="90" x="-240" y="-487"/>
  <i image="skill1_5.png" delay="90" x="-240" y="-487"/>
  <i image="skill1_6.png" delay="90" x="-240" y="-487"/>
  <i image="skill1_7.png" delay="90" x="-240" y="-487"/>
  <i image="skill1_8.png" delay="90" x="-240" y="-487"/>
  <i image="skill1_9.png" delay="90" x="-240" y="-487"/>
  <i image="skill1_10.png" delay="90" x="-240" y="-487"/>
  <i image="skill1_11.png" delay="90" x="-240" y="-487"/>
  <i image="skill1_12.png" delay="90" x="-240" y="-487"/>
  <i image="skill1_13.png" delay="90" x="-240" y="-487"/>
  <i image="skill1_14.png" delay="90" x="-240" y="-487"/>
  <i image="skill1_15.png" delay="90" x="-240" y="-487"/>
  <i image="skill1_16.png" delay="90" x="-240" y="-487"/>
  <i image="skill1_17.png" delay="90" x="-240" y="-487"/>
  <i image="skill1_18.png" delay="90" x="-240" y="-487"/>
  <i image="skill1_19.png" delay="90" x="-240" y="-487"/>
  <i image="skill2_0.png" delay="90" x="-241" y="-487"/>
  <i image="skill2_1.png" delay="90" x="-241" y="-487"/>
  <i image="skill2_2.png" delay="90" x="-241" y="-487"/>
  <i image="skill2_3.png" delay="90" x="-241" y="-487"/>
  <i image="skill2_4.png" delay="90" x="-241" y="-487"/>
  <i image="skill2_5.png" delay="90" x="-241" y="-487"/>
  <i image="skill2_6.png" delay="90" x="-241" y="-487"/>
  <i image="skill2_7.png" delay="90" x="-241" y="-487"/>
  <i image="skill2_8.png" delay="90" x="-241" y="-487"/>
  <i image="skill2_9.png" delay="90" x="-241" y="-487"/>
  <i image="skill2_10.png" delay="90" x="-241" y="-487"/>
  <i image="skill2_11.png" delay="90" x="-241" y="-487"/>
  <i image="skill2_12.png" delay="90" x="-241" y="-487"/>
  <i image="skill2_13.png" delay="90" x="-241" y="-487"/>
  <i image="skill2_14.png" delay="90" x="-241" y="-487"/>
  <i image="skill2_15.png" delay="90" x="-241" y="-487"/>
  <i image="skill2_16.png" delay="90" x="-241" y="-487"/>
  <i image="skill2_17.png" delay="90" x="-241" y="-487"/>
  <i image="skill2_18.png" delay="90" x="-241" y="-487"/>
  <i image="skill2_19.png" delay="90" x="-241" y="-487"/>
  <i image="hit1_0.png" delay="300" x="-153" y="-212"/>
  <i image="die1_0.png" delay="100" x="-271" y="-294"/>
  <i image="die1_1.png" delay="100" x="-271" y="-294"/>
  <i image="die1_2.png" delay="100" x="-271" y="-294"/>
  <i image="die1_3.png" delay="100" x="-271" y="-294"/>
  <i image="die1_4.png" delay="100" x="-271" y="-294"/>
  <i image="die1_5.png" delay="100" x="-271" y="-294"/>
  <i image="die1_6.png" delay="100" x="-271" y="-294"/>
  <i image="die1_7.png" delay="100" x="-271" y="-294"/>
  <i image="die1_8.png" delay="100" x="-271" y="-294"/>
  <i image="die1_9.png" delay="100" x="-271" y="-294"/>
  <i image="die1_10.png" delay="100" x="-271" y="-294"/>
  <i image="die1_11.png" delay="100" x="-271" y="-294"/>
  <i image="die1_12.png" delay="100" x="-271" y="-294"/>
  <i image="die1_13.png" delay="100" x="-271" y="-294"/>
  <i image="die1_14.png" delay="100" x="-271" y="-294"/>
  <i image="die1_15.png" delay="100" x="-271" y="-294"/>
  <i image="die1_16.png" delay="100" x="-271" y="-294"/>
  <i image="die1_17.png" delay="100" x="-271" y="-294"/>
  <i image="die1_18.png" delay="100" x="-271" y="-294"/>
  <i image="die1_19.png" delay="100" x="-271" y="-294"/>
  <i image="die1_20.png" delay="100" x="-271" y="-294"/>
  <i image="die1_21.png" delay="100" x="-271" y="-294"/>
  <i image="die1_22.png" delay="100" x="-271" y="-294"/>
  <i image="die1_23.png" delay="100" x="-271" y="-294"/>
  <i image="die1_24.png" delay="100" x="-271" y="-294"/>
  <i image="die1_25.png" delay="100" x="-271" y="-294"/>
  <i image="die1_26.png" delay="100" x="-271" y="-294"/>
  <i image="die1_27.png" delay="100" x="-271" y="-294"/>
  <i image="die1_28.png" delay="100" x="-271" y="-294"/>
  <i image="die1_29.png" delay="100" x="-271" y="-294"/>
  <i image="die1_30.png" delay="100" x="-271" y="-294"/>
  <i image="die1_31.png" delay="100" x="-271" y="-294"/>
  <i image="die1_32.png" delay="100" x="-271" y="-294"/>
  <i image="die1_33.png" delay="100" x="-271" y="-294"/>
  <i image="die1_34.png" delay="100" x="-271" y="-294"/>
  <i image="die1_35.png" delay="100" x="-271" y="-294"/>
  <i image="die1_36.png" delay="100" x="-271" y="-294"/>
  <i image="die1_37.png" delay="100" x="-271" y="-294"/>
  <i image="die1_38.png" delay="100" x="-271" y="-294"/>
  <i image="die1_39.png" delay="100" x="-271" y="-294"/>
  <i image="die1_40.png" delay="100" x="-271" y="-294"/>
  <i image="die1_41.png" delay="100" x="-271" y="-294"/>
</i>