<i>
  <i image="2121011_0.png" delay="100" x="0" y="-32"/>
  <i image="2121011_1.png" delay="100" x="0" y="-32"/>
  <i image="2121011_2.png" delay="100" x="0" y="-32"/>
  <i image="effect_0.png" delay="90" x="-255" y="-142"/>
  <i image="effect_1.png" delay="90" x="-255" y="-142"/>
  <i image="effect_2.png" delay="90" x="-255" y="-142"/>
  <i image="effect_3.png" delay="90" x="-255" y="-142"/>
  <i image="effect_4.png" delay="90" x="-255" y="-142"/>
  <i image="effect_5.png" delay="90" x="-255" y="-142"/>
  <i image="effect_6.png" delay="90" x="-255" y="-142"/>
  <i image="effect_7.png" delay="90" x="-255" y="-142"/>
  <i image="effect_8.png" delay="90" x="-255" y="-142"/>
  <i image="effect_9.png" delay="90" x="-255" y="-142"/>
  <i image="effect_10.png" delay="90" x="-255" y="-142"/>
  <i image="effect_11.png" delay="90" x="-255" y="-142"/>
  <i image="effect_12.png" delay="90" x="-255" y="-142"/>
  <i image="effect_13.png" delay="90" x="-255" y="-142"/>
  <i image="effect_14.png" delay="90" x="-255" y="-142"/>
  <i image="effect_15.png" delay="90" x="-255" y="-142"/>
  <i image="hit.0_0.png" delay="90" x="-190" y="-190"/>
  <i image="hit.0_1.png" delay="90" x="-190" y="-190"/>
  <i image="hit.0_2.png" delay="90" x="-190" y="-190"/>
  <i image="hit.0_3.png" delay="90" x="-190" y="-190"/>
  <i image="hit.0_4.png" delay="90" x="-190" y="-190"/>
  <i image="hit.0_5.png" delay="90" x="-190" y="-190"/>
  <i image="hit.0_6.png" delay="90" x="-190" y="-190"/>
  <i image="hit.0_7.png" delay="90" x="-190" y="-190"/>
  <i image="hit.0_8.png" delay="90" x="-190" y="-190"/>
  <i image="hit.0_9.png" delay="90" x="-190" y="-190"/>
  <i image="ball_0.png" delay="90" x="-94" y="-100"/>
  <i image="ball_1.png" delay="150" x="-94" y="-100"/>
  <i image="ball_2.png" delay="150" x="-94" y="-100"/>
  <i image="ball_3.png" delay="150" x="-94" y="-100"/>
  <i image="ball_4.png" delay="150" x="-94" y="-100"/>
  <i image="ball_5.png" delay="150" x="-94" y="-100"/>
  <i image="ball_6.png" delay="150" x="-94" y="-100"/>
  <i image="mob_0.png" delay="100" x="0" y="0"/>
  <i image="special.0_0.png" delay="90" x="-22" y="-64"/>
  <i image="special.0_1.png" delay="90" x="-22" y="-64"/>
  <i image="special.0_2.png" delay="90" x="-22" y="-64"/>
  <i image="special.0_3.png" delay="90" x="-22" y="-64"/>
  <i image="special.0_4.png" delay="90" x="-22" y="-64"/>
  <i image="special.0_5.png" delay="90" x="-22" y="-64"/>
  <i image="special.0_6.png" delay="90" x="-22" y="-64"/>
  <i image="special.0_7.png" delay="90" x="-22" y="-64"/>
  <i image="special.1_0.png" delay="90" x="-37" y="-62"/>
  <i image="special.1_1.png" delay="90" x="-37" y="-62"/>
  <i image="special.1_2.png" delay="90" x="-37" y="-62"/>
  <i image="special.1_3.png" delay="90" x="-37" y="-62"/>
  <i image="special.1_4.png" delay="90" x="-37" y="-62"/>
  <i image="special.1_5.png" delay="90" x="-37" y="-62"/>
  <i image="special.1_6.png" delay="90" x="-37" y="-62"/>
  <i image="special.1_7.png" delay="90" x="-37" y="-62"/>
  <i image="special.2_0.png" delay="90" x="-43" y="-55"/>
  <i image="special.2_1.png" delay="90" x="-43" y="-55"/>
  <i image="special.2_2.png" delay="90" x="-43" y="-55"/>
  <i image="special.2_3.png" delay="90" x="-43" y="-55"/>
  <i image="special.2_4.png" delay="90" x="-43" y="-55"/>
  <i image="special.2_5.png" delay="90" x="-43" y="-55"/>
  <i image="special.2_6.png" delay="90" x="-43" y="-55"/>
  <i image="special.2_7.png" delay="90" x="-43" y="-55"/>
  <i image="special.3_0.png" delay="90" x="-31" y="-57"/>
  <i image="special.3_1.png" delay="90" x="-31" y="-57"/>
  <i image="special.3_2.png" delay="90" x="-31" y="-57"/>
  <i image="special.3_3.png" delay="90" x="-31" y="-57"/>
  <i image="special.3_4.png" delay="90" x="-31" y="-57"/>
  <i image="special.3_5.png" delay="90" x="-31" y="-57"/>
  <i image="special.3_6.png" delay="90" x="-31" y="-57"/>
  <i image="special.3_7.png" delay="90" x="-31" y="-57"/>
  <i image="special.4_0.png" delay="90" x="-24" y="-45"/>
  <i image="special.4_1.png" delay="90" x="-24" y="-45"/>
  <i image="special.4_2.png" delay="90" x="-24" y="-45"/>
  <i image="special.4_3.png" delay="90" x="-24" y="-45"/>
  <i image="special.4_4.png" delay="90" x="-24" y="-45"/>
  <i image="special.4_5.png" delay="90" x="-24" y="-45"/>
  <i image="special.4_6.png" delay="90" x="-24" y="-45"/>
  <i image="special.4_7.png" delay="90" x="-24" y="-45"/>
</i>