<i>
  <i image="walk_0.png" delay="120" x="-148" y="-154"/>
  <i image="walk_1.png" delay="120" x="-148" y="-154"/>
  <i image="walk_2.png" delay="120" x="-148" y="-154"/>
  <i image="walk_3.png" delay="120" x="-148" y="-154"/>
  <i image="walk_4.png" delay="120" x="-148" y="-154"/>
  <i image="walk_5.png" delay="120" x="-148" y="-154"/>
  <i image="walk_6.png" delay="120" x="-148" y="-154"/>
  <i image="walk_7.png" delay="120" x="-148" y="-154"/>
  <i image="stand_0.png" delay="120" x="-139" y="-159"/>
  <i image="stand_1.png" delay="120" x="-139" y="-159"/>
  <i image="stand_2.png" delay="120" x="-139" y="-159"/>
  <i image="stand_3.png" delay="120" x="-139" y="-159"/>
  <i image="stand_4.png" delay="120" x="-139" y="-159"/>
  <i image="stand_5.png" delay="120" x="-139" y="-159"/>
  <i image="stand_6.png" delay="120" x="-139" y="-159"/>
  <i image="stand_7.png" delay="120" x="-139" y="-159"/>
  <i image="alert_0.png" delay="120" x="-139" y="-159"/>
  <i image="alert_1.png" delay="120" x="-139" y="-159"/>
  <i image="alert_2.png" delay="120" x="-139" y="-159"/>
  <i image="alert_3.png" delay="120" x="-139" y="-159"/>
  <i image="alert_4.png" delay="120" x="-139" y="-159"/>
  <i image="alert_5.png" delay="120" x="-139" y="-159"/>
  <i image="alert_6.png" delay="120" x="-139" y="-159"/>
  <i image="alert_7.png" delay="120" x="-139" y="-159"/>
  <i image="alert_8.png" delay="120" x="-139" y="-159"/>
  <i image="alert_9.png" delay="120" x="-139" y="-159"/>
  <i image="alert_10.png" delay="120" x="-139" y="-159"/>
  <i image="alert_11.png" delay="120" x="-139" y="-159"/>
  <i image="alert_12.png" delay="120" x="-139" y="-159"/>
  <i image="alert_13.png" delay="120" x="-139" y="-159"/>
  <i image="alert_14.png" delay="120" x="-139" y="-159"/>
  <i image="hide_0.png" delay="120" x="-16" y="-29"/>
  <i image="stabO1_0.png" delay="120" x="-139" y="-159"/>
  <i image="stabO1_1.png" delay="120" x="-139" y="-159"/>
  <i image="stabO1_2.png" delay="120" x="-139" y="-159"/>
  <i image="stabO1_3.png" delay="120" x="-139" y="-159"/>
  <i image="stabO1_4.png" delay="120" x="-139" y="-159"/>
  <i image="stabO1_5.png" delay="120" x="-139" y="-159"/>
  <i image="stabO1_6.png" delay="120" x="-139" y="-159"/>
  <i image="stabO1_7.png" delay="120" x="-139" y="-159"/>
  <i image="stabO2_0.png" delay="120" x="-139" y="-159"/>
  <i image="stabO2_1.png" delay="120" x="-139" y="-159"/>
  <i image="stabO2_2.png" delay="120" x="-139" y="-159"/>
  <i image="stabO2_3.png" delay="120" x="-139" y="-159"/>
  <i image="stabO2_4.png" delay="120" x="-139" y="-159"/>
  <i image="stabO2_5.png" delay="120" x="-139" y="-159"/>
  <i image="stabO2_6.png" delay="120" x="-139" y="-159"/>
  <i image="stabO2_7.png" delay="120" x="-139" y="-159"/>
  <i image="proneStab_0.png" delay="120" x="-153" y="-113"/>
  <i image="prone_0.png" delay="120" x="-153" y="-113"/>
  <i image="fly_0.png" delay="120" x="-139" y="-159"/>
  <i image="fly_1.png" delay="120" x="-139" y="-159"/>
  <i image="fly_2.png" delay="120" x="-139" y="-159"/>
  <i image="fly_3.png" delay="120" x="-139" y="-159"/>
  <i image="fly_4.png" delay="120" x="-139" y="-159"/>
  <i image="fly_5.png" delay="120" x="-139" y="-159"/>
  <i image="fly_6.png" delay="120" x="-139" y="-159"/>
  <i image="fly_7.png" delay="120" x="-139" y="-159"/>
  <i image="jump_0.png" delay="120" x="-130" y="-146"/>
  <i image="sit_0.png" delay="120" x="-153" y="-113"/>
  <i image="rope_0.png" delay="120" x="-133" y="-157"/>
  <i image="rope_1.png" delay="120" x="-133" y="-157"/>
  <i image="ladder_0.png" delay="120" x="-133" y="-157"/>
  <i image="ladder_1.png" delay="120" x="-133" y="-157"/>
  <i image="DKflyingSword_0.png" delay="100" x="-188" y="-180"/>
  <i image="DKflyingSword_1.png" delay="100" x="-188" y="-180"/>
  <i image="DKflyingSword_2.png" delay="100" x="-188" y="-180"/>
  <i image="DKflyingSword_3.png" delay="100" x="-188" y="-180"/>
  <i image="DKflyingSword_4.png" delay="100" x="-188" y="-180"/>
  <i image="DKdragonSlash0_0.png" delay="40" x="-384" y="-273"/>
  <i image="DKdragonSlash0_1.png" delay="40" x="-384" y="-273"/>
  <i image="DKdragonSlash0_2.png" delay="40" x="-384" y="-273"/>
  <i image="DKdragonSlash0_3.png" delay="40" x="-384" y="-273"/>
  <i image="DKdragonSlash0_4.png" delay="40" x="-384" y="-273"/>
  <i image="DKdragonSlash0_5.png" delay="40" x="-384" y="-273"/>
  <i image="DKdragonSlash0_6.png" delay="40" x="-384" y="-273"/>
  <i image="DKdragonSlash0_7.png" delay="40" x="-384" y="-273"/>
  <i image="DKdragonSlash0_8.png" delay="40" x="-384" y="-273"/>
  <i image="DKdragonSlash0_9.png" delay="40" x="-384" y="-273"/>
  <i image="DKdragonSlash0_10.png" delay="40" x="-384" y="-273"/>
  <i image="DKdragonSlash0_11.png" delay="40" x="-384" y="-273"/>
  <i image="DKdragonSlash0_12.png" delay="40" x="-384" y="-273"/>
  <i image="DKdragonSlash0_13.png" delay="40" x="-384" y="-273"/>
  <i image="DKdragonSlash0_14.png" delay="40" x="-384" y="-273"/>
  <i image="DKdragonSlash0_15.png" delay="40" x="-384" y="-273"/>
  <i image="DKdragonSlash0_16.png" delay="40" x="-384" y="-273"/>
  <i image="DKdragonSlash0_17.png" delay="40" x="-384" y="-273"/>
  <i image="DKwingBeat_0.png" delay="50" x="-176" y="-255"/>
  <i image="DKwingBeat_1.png" delay="50" x="-176" y="-255"/>
  <i image="DKwingBeat_2.png" delay="50" x="-176" y="-255"/>
  <i image="DKwingBeat_3.png" delay="50" x="-176" y="-255"/>
  <i image="DKwingBeat_4.png" delay="50" x="-176" y="-255"/>
  <i image="DKwingBeat_5.png" delay="50" x="-176" y="-255"/>
  <i image="DKwingBeat_6.png" delay="50" x="-176" y="-255"/>
  <i image="DKwingBeat_7.png" delay="50" x="-176" y="-255"/>
  <i image="DKwingBeat_8.png" delay="50" x="-176" y="-255"/>
  <i image="DKwingBeat_9.png" delay="50" x="-176" y="-255"/>
  <i image="DKwingBeat_10.png" delay="50" x="-176" y="-255"/>
  <i image="DKwingBeat_11.png" delay="50" x="-176" y="-255"/>
  <i image="DKwingBeat_12.png" delay="50" x="-176" y="-255"/>
  <i image="DKwingBeat_13.png" delay="50" x="-176" y="-255"/>
  <i image="DKwingBeat_14.png" delay="50" x="-176" y="-255"/>
  <i image="DKwingBeat_15.png" delay="50" x="-176" y="-255"/>
  <i image="DKgigaSlasher_0.png" delay="42" x="-210" y="-309"/>
  <i image="DKgigaSlasher_1.png" delay="48" x="-210" y="-309"/>
  <i image="DKgigaSlasher_2.png" delay="48" x="-210" y="-309"/>
  <i image="DKgigaSlasher_3.png" delay="48" x="-210" y="-309"/>
  <i image="DKgigaSlasher_4.png" delay="48" x="-210" y="-309"/>
  <i image="DKgigaSlasher_5.png" delay="48" x="-210" y="-309"/>
  <i image="DKgigaSlasher_6.png" delay="48" x="-210" y="-309"/>
  <i image="DKgigaSlasher_7.png" delay="48" x="-210" y="-309"/>
  <i image="DKgigaSlasher_8.png" delay="48" x="-210" y="-309"/>
  <i image="DKgigaSlasher_9.png" delay="48" x="-210" y="-309"/>
  <i image="DKgigaSlasher_10.png" delay="48" x="-210" y="-309"/>
  <i image="DKgigaSlasher_11.png" delay="48" x="-210" y="-309"/>
  <i image="DKgigaSlasher_12.png" delay="48" x="-210" y="-309"/>
  <i image="DKgigaSlasher_13.png" delay="48" x="-210" y="-309"/>
  <i image="DKgigaSlasher_14.png" delay="48" x="-210" y="-309"/>
  <i image="DKgigaSlasher_15.png" delay="48" x="-210" y="-309"/>
  <i image="DKgigaSlasher_16.png" delay="48" x="-210" y="-309"/>
  <i image="DKpestopassing_0.png" delay="64" x="-344" y="-325"/>
  <i image="DKpestopassing_1.png" delay="64" x="-344" y="-325"/>
  <i image="DKpestopassing_2.png" delay="64" x="-344" y="-325"/>
  <i image="DKpestopassing_3.png" delay="64" x="-344" y="-325"/>
  <i image="DKpestopassing_4.png" delay="64" x="-344" y="-325"/>
  <i image="DKpestopassing_5.png" delay="64" x="-344" y="-325"/>
  <i image="DKpestopassing_6.png" delay="64" x="-344" y="-325"/>
  <i image="DKpestopassing_7.png" delay="64" x="-344" y="-325"/>
  <i image="DKpestopassing_8.png" delay="64" x="-344" y="-325"/>
  <i image="DKpestopassing_9.png" delay="64" x="-344" y="-325"/>
  <i image="DKpestopassing_10.png" delay="64" x="-344" y="-325"/>
  <i image="DKpestopassing_11.png" delay="64" x="-344" y="-325"/>
  <i image="DKpestopassing_12.png" delay="64" x="-344" y="-325"/>
  <i image="DKpestopassing_13.png" delay="64" x="-344" y="-325"/>
  <i image="DKpestopassing_14.png" delay="64" x="-344" y="-325"/>
  <i image="DKpestopassing_15.png" delay="64" x="-344" y="-325"/>
  <i image="DKpestopassing_16.png" delay="56" x="-344" y="-325"/>
</i>